Name,Price
iPhone 12,$799.00
iPhone 12 Mini,$699.00
iPhone 12 Pro Max,$1099.00
iPhone 12 Pro,$999.00
iPhone 11,$599.00
iPhone 11 Pro,$699.00
iPhone XS,$549.00
iPhone XR,$499.00
iPhone XS Max,$649.00
Galaxy S20,$999.00
Galaxy S20+,$1199.00
Galaxy S20 Ultra,$1399.00
Galaxy S10,$899.00
Galaxy S9,$699.00
Galaxy Note 20,$999.00
Galaxy Note 20 Ultra,$1299.00
Pixel 4,$899.00
Pixel 3,$599.00
Pixel 2,$399.00
One Plus 8,$799.00
One Plus 8T,$899.00
One Plus 8 Pro,$899.00
One Plus 7T,$599.00
One Plus 7,$499.00
One Plus 6T,$429.00
